statefip,year,tfr,ue,state.name,tfr.filt
alabama,2001,2.21849837918014,0.0763642806520199,Alabama,
alabama,2002,2.29547907496747,0.0821651090342679,Alabama,2.14519014411287
alabama,2003,1.92159297819101,0.0852303769805136,Alabama,2.10871822009277
alabama,2004,2.10908260711985,0.0773922988943957,Alabama,2.0411359633434
alabama,2005,2.09273230471934,0.079488715797883,Alabama,2.10795136201455
alabama,2006,2.12203917420445,0.0746413338503296,Alabama,2.08121503997939
alabama,2007,2.02887364101437,0.0740205101235866,Alabama,2.11053710138653
alabama,2008,2.18069848894076,0.0743443999483271,Alabama,2.13320177601769
alabama,2009,2.19003319809793,0.11572738347118,Alabama,2.15050016578075
alabama,2010,2.08076881030355,0.122024404880976,Alabama,2.11623404587447
alabama,2011,2.07790012922192,0.127531357298017,Alabama,2.05113778161795
alabama,2012,1.99474440532837,0.112492811960897,Alabama,1.97660580756223
alabama,2013,1.85717288813639,0.106425847305174,Alabama,1.8769200196093
alabama,2014,1.77884276536314,0.0919783752191701,Alabama,1.81880638363994
alabama,2015,1.82040349742029,0.0858108108108108,Alabama,
alaska,2001,2.47862189226247,0.0608917197452229,Alaska,
alaska,2002,2.6575793975451,0.0825101685066822,Alaska,2.53027314953941
alaska,2003,2.45461815881065,0.0793165008926294,Alaska,2.48244643767239
alaska,2004,2.33514175666142,0.0807551127425275,Alaska,2.38108015991089
alaska,2005,2.35348056426059,0.111206159110351,Alaska,2.6322032779825
alaska,2006,3.20798751302549,0.116063919259882,Alaska,2.76483484347679
alaska,2007,2.73303645314431,0.0996649916247906,Alaska,3.02882623984149
alaska,2008,3.14545475335469,0.0919831223628692,Alaska,3.0896432518791
alaska,2009,3.39043854913831,0.124393471548302,Alaska,3.09940650671203
alaska,2010,2.76232621764309,0.122850122850123,Alaska,3.08426993166892
alaska,2011,3.10004502822536,0.124948453608247,Alaska,2.83097198719178
alaska,2012,2.6305447157069,0.125,Alaska,2.69208107056455
alaska,2013,2.34565346776139,0.126852659110724,Alaska,2.49398174820197
alaska,2014,2.50574706113762,0.116043956043956,Alaska,2.46279543029599
alaska,2015,2.53698576198895,0.108615948670944,Alaska,
arizona,2001,2.47970070070353,0.0683267537200122,Arizona,
arizona,2002,2.31817397302856,0.0805380272334773,Arizona,2.43651062033044
arizona,2003,2.51165718725924,0.0793928779918272,Arizona,2.41252059744233
arizona,2004,2.4077306320392,0.0696733593047648,Arizona,2.48431189721095
arizona,2005,2.53354787233441,0.0681919920417807,Arizona,2.38721415589274
arizona,2006,2.22036396330462,0.0552685446924652,Arizona,2.39448263482919
arizona,2007,2.42953606884856,0.0635005336179296,Arizona,2.35663323264755
arizona,2008,2.41999966578947,0.064747856903405,Arizona,2.37709584935624
arizona,2009,2.28175181343067,0.107755222703981,Arizona,2.28073828891907
arizona,2010,2.14046338753705,0.128384710234279,Arizona,2.21288014106589
arizona,2011,2.21642522222994,0.124822623150213,Arizona,2.21335030273909
arizona,2012,2.28316229845026,0.112357862044783,Arizona,2.19862212388951
arizona,2013,2.09627885098833,0.0957393733785672,Arizona,2.12388226034703
arizona,2014,1.99220563160251,0.0879862061970688,Arizona,2.05493833333722
arizona,2015,2.07633051742083,0.0739692805173808,Arizona,
arkansas,2001,2.42350040802068,0.0668425681618294,Arkansas,
arkansas,2002,2.41053194093241,0.0764781491002571,Arkansas,2.32783619194822
arkansas,2003,2.14947622689157,0.0806015037593985,Arkansas,2.19316843445813
arkansas,2004,2.01949713555041,0.0812199036918138,Arkansas,2.1508306917561
arkansas,2005,2.28351871282632,0.077186774300564,Arkansas,2.13438077364005
arkansas,2006,2.10012647254343,0.0760881363291002,Arkansas,2.17626426549365
arkansas,2007,2.14514761111119,0.0801742919389978,Arkansas,2.11958214436738
arkansas,2008,2.11347234944752,0.0741621621621622,Arkansas,2.20672834613438
arkansas,2009,2.36156507784442,0.0980932436900694,Arkansas,2.18662454603029
arkansas,2010,2.08483621079892,0.112228752260398,Arkansas,2.09901009681411
arkansas,2011,1.85062900179897,0.103680908983312,Arkansas,2.00701777713555
arkansas,2012,2.08558811880875,0.104207719948997,Arkansas,1.97188932759869
arkansas,2013,1.97945086218833,0.0910497500595096,Arkansas,2.01880241332262
arkansas,2014,1.99136825897077,0.0812754735075521,Arkansas,1.97712838514214
arkansas,2015,1.96056603426732,0.0698564593301436,Arkansas,
california,2001,2.12004592659087,0.07065099848605,California,
california,2002,2.04598022138366,0.0852736210901626,California,2.05542533730479
california,2003,2.00024986393984,0.0913337782438745,California,2.0282649643796
california,2004,2.03856480781531,0.0809899587110014,California,2.06011658114291
california,2005,2.14153507167359,0.0774881516587678,California,2.09005683621343
california,2006,2.0900706291514,0.0705581697225377,California,2.1291213957027
california,2007,2.15575848628313,0.0726716858359696,California,2.17258189703992
california,2008,2.27191657568522,0.0778497336017528,California,2.19440160392935
california,2009,2.15552974981972,0.120545191379865,California,2.14806499523944
california,2010,2.01674866021338,0.133390623508068,California,2.06904269608274
california,2011,2.03484967821512,0.130539029227218,California,2.00898682594096
california,2012,1.97536213939439,0.120671092768706,California,1.95637878485258
california,2013,1.85892453694824,0.10727741104492,California,1.89092124051355
california,2014,1.83847704519804,0.0911720383063536,California,1.82369967537196
california,2015,1.7736974439696,0.0779306513810954,California,
colorado,2001,2.19933801720787,0.0543274093339113,Colorado,
colorado,2002,2.07108891599424,0.0707936507936508,Colorado,2.06391653401911
colorado,2003,1.92132266885524,0.0735012520253351,Colorado,1.99876853563681
colorado,2004,2.00389402206095,0.0781959291257871,Colorado,2.04943039982938
colorado,2005,2.22307450857195,0.0658616296460422,Colorado,2.11652317001228
colorado,2006,2.12260097940394,0.0566781665845244,Colorado,2.19470854629775
colorado,2007,2.23845015091736,0.0583088764604906,Colorado,2.21545374337125
colorado,2008,2.28531009979245,0.047529437066509,Colorado,2.22875106692233
colorado,2009,2.16249295005717,0.085423581261222,Colorado,2.15086210764332
colorado,2010,2.00478327308033,0.0987763689718177,Colorado,2.08331920857565
colorado,2011,2.08268140258945,0.0968689951395953,Colorado,2.01218341190283
colorado,2012,1.94908556003872,0.0787732675487778,Colorado,1.98150507034534
colorado,2013,1.91274824840785,0.074807903402854,Colorado,1.94111890701625
colorado,2014,1.96152291260219,0.0582895888013998,Colorado,1.85905261069634
colorado,2015,1.70288667107897,0.0499276022952754,Colorado,
connecticut,2001,1.89847193489728,0.0496287612348574,Connecticut,
connecticut,2002,2.23597584273361,0.0662425970607589,Connecticut,2.15995026942915
connecticut,2003,2.34540303065655,0.0726827276439363,Connecticut,2.22496223026229
connecticut,2004,2.09350781739672,0.0683497536945813,Connecticut,2.17241636466556
connecticut,2005,2.07833824594343,0.0653044544340008,Connecticut,2.08841636501281
connecticut,2006,2.09340303169829,0.0638229890566339,Connecticut,2.11310549925707
connecticut,2007,2.1675752201295,0.0648833691585065,Connecticut,2.09239415657183
connecticut,2008,2.01620421788772,0.0650820599886814,Connecticut,2.07371472990889
connecticut,2009,2.03736475170946,0.0965729563315239,Connecticut,2.00770310300587
connecticut,2010,1.96954033942042,0.105769230769231,Connecticut,1.959811289898
connecticut,2011,1.87252877856411,0.105510254509513,Connecticut,1.89899282770382
connecticut,2012,1.85490936512693,0.10347129506008,Connecticut,1.86471789975964
connecticut,2013,1.86671555558788,0.092951651826579,Connecticut,1.82978460434047
connecticut,2014,1.7677288923066,0.0826496243198895,Connecticut,1.79015722996348
connecticut,2015,1.73602724199598,0.0711743772241993,Connecticut,
delaware,2001,2.07379085821716,0.0452261306532663,Delaware,
delaware,2002,2.22315446686822,0.063526834611172,Delaware,2.11375676677913
delaware,2003,2.044324975252,0.0685037342261138,Delaware,2.02483746093545
delaware,2004,1.80703294068615,0.0669678448046771,Delaware,2.01397422416652
delaware,2005,2.19056475656141,0.0709953621120228,Delaware,2.05318652705865
delaware,2006,2.16196188392838,0.061136932427601,Delaware,1.9712481236725
delaware,2007,1.56121773052771,0.0582726326742976,Delaware,1.98539952284444
delaware,2008,2.23301895407723,0.0767352633414719,Delaware,1.97870693443782
delaware,2009,2.14188411870852,0.0893042575285566,Delaware,2.09731676320355
delaware,2010,1.9170472168249,0.100761145342515,Delaware,1.96943899718973
delaware,2011,1.84938565603578,0.108219178082192,Delaware,1.94095827287099
delaware,2012,2.05644194575229,0.0889046941678521,Delaware,1.97012636366966
delaware,2013,2.00455148922092,0.0881712626995646,Delaware,2.01449076452166
delaware,2014,1.98247885859176,0.0848246241947029,Delaware,2.03911990295009
delaware,2015,2.13032936103759,0.0689273866568375,Delaware,
district of columbia,2001,1.81024244166112,0.0776470588235294,District Of Columbia,
district of columbia,2002,1.54178312237663,0.100076103500761,District Of Columbia,1.65195148176569
district of columbia,2003,1.60382888125931,0.109034267912773,District Of Columbia,1.56390980638342
district of columbia,2004,1.54611741551432,0.088,District Of Columbia,1.78316103734133
district of columbia,2005,2.19953681525038,0.0932412432165762,District Of Columbia,1.71303941465504
district of columbia,2006,1.39346401320043,0.089628681177977,District Of Columbia,1.70659406714058
district of columbia,2007,1.52678137297092,0.0734312416555407,District Of Columbia,1.43686956417614
district of columbia,2008,1.39036330635706,0.0672413793103448,District Of Columbia,1.46693434360734
district of columbia,2009,1.48365835149404,0.0980819529206626,District Of Columbia,1.58407688392181
district of columbia,2010,1.87820899391434,0.121665319320938,District Of Columbia,1.55119665887107
district of columbia,2011,1.29172263120483,0.108611326609775,District Of Columbia,1.54503092168755
district of columbia,2012,1.46516113994348,0.095553105475928,District Of Columbia,1.42953809861097
district of columbia,2013,1.5317305246846,0.0991243432574431,District Of Columbia,1.49577676407273
district of columbia,2014,1.49043862759013,0.0791117279666898,District Of Columbia,1.53276064802753
district of columbia,2015,1.57611279180787,0.0637720488466757,District Of Columbia,
florida,2001,2.04184923743123,0.0661536924153093,Florida,
florida,2002,1.96476931456656,0.0747327017893746,Florida,1.97663011842167
florida,2003,1.92327180326722,0.0774751745157802,Florida,1.99495957643363
florida,2004,2.09683761146712,0.0747778874629812,Florida,2.04470173997451
florida,2005,2.1139958051892,0.0672410277324633,Florida,2.07638637807951
florida,2006,2.01832571758219,0.0573773124357657,Florida,2.0425845686244
florida,2007,1.99543218310181,0.06771640695113,Florida,2.05249957011356
florida,2008,2.14374080965667,0.0765269421919958,Florida,2.07980330204435
florida,2009,2.10023691337456,0.120886456177825,Florida,2.06694253532298
florida,2010,1.95684988293771,0.133592194011615,Florida,1.98773899337394
florida,2011,1.90613018380954,0.128751076658053,Florida,1.92145987096333
florida,2012,1.90139954614276,0.118127955836073,Florida,1.87260441877744
florida,2013,1.81028352638002,0.100927807722895,Florida,1.85701462600674
florida,2014,1.85936080549744,0.0842231403480532,Florida,1.78560135258392
florida,2015,1.68715972587429,0.0739190825557376,Florida,
georgia,2001,2.35397979222748,0.0604104015566956,Georgia,
georgia,2002,2.1055020226561,0.0697302697302697,Georgia,2.15084247638723
georgia,2003,1.99304561427812,0.0769571770547034,Georgia,2.09097783730102
georgia,2004,2.17438587496885,0.0764485981308411,Georgia,2.1474241583252
georgia,2005,2.27484098572862,0.0780755630001861,Georgia,2.24456515783311
georgia,2006,2.28446861280186,0.0717004698745019,Georgia,2.21281766738235
georgia,2007,2.07914340361658,0.0730827695150666,Georgia,2.21831735513946
georgia,2008,2.29134004899996,0.0714474806600582,Georgia,2.20082745889836
georgia,2009,2.23199892407853,0.110566642908054,Georgia,2.24119915750397
georgia,2010,2.20025849943343,0.128005099562895,Georgia,2.14641594416315
georgia,2011,2.00699040897749,0.130309386470897,Georgia,2.08318771014078
georgia,2012,2.04231422201142,0.113519459092233,Georgia,2.00778867286742
georgia,2013,1.97406138761334,0.107471722160268,Georgia,1.9980219924121
georgia,2014,1.97769036761155,0.0890364808932525,Georgia,1.98683437851223
georgia,2015,2.00875138031181,0.07604954157954,Georgia,
hawaii,2001,2.39354528279797,0.0587670904293596,Hawaii,
hawaii,2002,2.22490968916736,0.0644235785080856,Hawaii,2.17094511658393
hawaii,2003,1.89438037778647,0.0639010564287555,Hawaii,2.14152057777554
hawaii,2004,2.3052716663728,0.0545179202423019,Hawaii,2.12023790736457
hawaii,2005,2.16106167793442,0.0547657888604055,Hawaii,2.19620826990166
hawaii,2006,2.12229146539776,0.0465790060173836,Hawaii,2.15863630629356
hawaii,2007,2.19255577554849,0.0507535460992908,Hawaii,2.22074652525357
hawaii,2008,2.34739233481447,0.04913108774941,Hawaii,2.31143084589213
hawaii,2009,2.39434442731342,0.0790960451977401,Hawaii,2.43325339439415
hawaii,2010,2.55802342105454,0.0875507153534059,Hawaii,2.50886866970958
hawaii,2011,2.57423816076078,0.0743359040274207,Hawaii,2.45461692688894
hawaii,2012,2.23158919885151,0.0671801454856654,Hawaii,2.29508335926855
hawaii,2013,2.07942271819336,0.0551782682512734,Hawaii,2.1904189659744
hawaii,2014,2.26024498087831,0.0564329332491051,Hawaii,2.1378045724311
hawaii,2015,2.07374601822164,0.052565445026178,Hawaii,
idaho,2001,2.87043106024661,0.0722454672245467,Idaho,
idaho,2002,2.90549376336827,0.0695624803273529,Idaho,2.81196739672298
idaho,2003,2.65997736655407,0.0697872340425532,Idaho,2.77090463350753
idaho,2004,2.74724277060027,0.0640394088669951,Idaho,2.6673000769307
idaho,2005,2.59468009363777,0.0598669623059867,Idaho,2.67071350433378
idaho,2006,2.6702176487633,0.0555981595092025,Idaho,2.70697370393932
idaho,2007,2.8560233694169,0.0563241106719368,Idaho,2.79715477827584
idaho,2008,2.86522331664734,0.0592649605541659,Idaho,2.92388433760643
idaho,2009,3.05040632675506,0.102972195589645,Idaho,2.79572700657553
idaho,2010,2.47155137632419,0.0978153906711277,Idaho,2.73097058123314
idaho,2011,2.67095404062019,0.101401483924155,Idaho,2.50855224308578
idaho,2012,2.38315131231296,0.0848748639825898,Idaho,2.41786334200628
idaho,2013,2.19948467308569,0.0841180163214062,Idaho,2.36260442799177
idaho,2014,2.50517729857667,0.0586839266450917,Idaho,2.34176568696727
idaho,2015,2.32063508923944,0.0546494386782461,Idaho,
illinois,2001,2.22310717545278,0.0679177837354781,Illinois,
illinois,2002,2.12575522602395,0.0852879774039052,Illinois,2.08764159573936
illinois,2003,1.91406238574136,0.0846530377195508,Illinois,1.99864925294612
illinois,2004,1.95613014707306,0.0870098755332204,Illinois,2.01122461871108
illinois,2005,2.16348132331883,0.0838130527801672,Illinois,2.06238618262519
illinois,2006,2.0675470774837,0.0755137839184009,Illinois,2.09451204009564
illinois,2007,2.05250771948441,0.0767544335670408,Illinois,2.10536122712054
illinois,2008,2.19602888439351,0.0698463814787415,Illinois,2.12033009437277
illinois,2009,2.1124536792404,0.105921822234975,Illinois,2.12112403244177
illinois,2010,2.05488953369141,0.116810258465237,Illinois,2.02054099215842
illinois,2011,1.89427976354345,0.114401831176718,Illinois,1.9344959380152
illinois,2012,1.85431851681074,0.108774945984248,Illinois,1.85352274415473
illinois,2013,1.81196995211002,0.0998438863125029,Illinois,1.85182106077507
illinois,2014,1.88917471340445,0.0846235669542607,Illinois,1.85579840621748
illinois,2015,1.86625055313796,0.0726478382314322,Illinois,
indiana,2001,2.09735114285161,0.0653186533982638,Indiana,
indiana,2002,2.38166791101805,0.0713099193165638,Indiana,2.22515824680652
indiana,2003,2.19645568654989,0.0796174802624263,Indiana,2.25951053137459
indiana,2004,2.20040799655584,0.0729522184300341,Indiana,2.20166824487684
indiana,2005,2.20814105152478,0.0765746145134594,Indiana,2.18794992663354
indiana,2006,2.15530073182002,0.0737752884133088,Indiana,2.22073154537702
indiana,2007,2.29875285278627,0.0720161083026305,Indiana,2.24413803200174
indiana,2008,2.27836051139894,0.0758726636511052,Indiana,2.26479006331525
indiana,2009,2.21725682576054,0.11595966620306,Indiana,2.16953021466973
indiana,2010,2.01297330684971,0.115561569688769,Indiana,2.08313192340554
indiana,2011,2.01916563760638,0.112311522382451,Indiana,2.0550202918122
indiana,2012,2.1329219309805,0.0975223546944858,Indiana,2.03651424692564
indiana,2013,1.95745517219004,0.0858330577731589,Indiana,2.0249710089332
indiana,2014,1.98453592362906,0.0777751701478526,Indiana,1.9655740315435
indiana,2015,1.9547309988114,0.0679388214987774,Indiana,
iowa,2001,2.34868747813106,0.0526917216861351,Iowa,
iowa,2002,2.35687193257428,0.0601710888792229,Iowa,2.30919968309913
iowa,2003,2.22203963859204,0.0593795766209559,Iowa,2.28435118185155
iowa,2004,2.27414197438832,0.0642201834862385,Iowa,2.247726959591
iowa,2005,2.24699926579263,0.0569803226708943,Iowa,2.28408704893354
iowa,2006,2.33111990661966,0.0478443274123003,Iowa,2.32555495351174
iowa,2007,2.39854568812293,0.049205215217003,Iowa,2.40939061523479
iowa,2008,2.49850625096177,0.0410488245931284,Iowa,2.41341667813229
iowa,2009,2.34319809531216,0.0650070455612964,Iowa,2.3776059909373
iowa,2010,2.29111362653798,0.0704506560182544,Iowa,2.25428161954785
iowa,2011,2.12853313679342,0.0713594113090627,Iowa,2.19711705998587
iowa,2012,2.17170441662621,0.0551073962484206,Iowa,2.13557265535265
iowa,2013,2.10648041263832,0.0529468599033816,Iowa,2.20997816930254
iowa,2014,2.35174967864311,0.0492420489448132,Iowa,2.16585206335013
iowa,2015,2.03932609876897,0.0437530864197531,Iowa,
kansas,2001,2.23782743291399,0.0429343629343629,Kansas,
kansas,2002,2.3618000827444,0.0605416887944769,Kansas,2.28777625840715
kansas,2003,2.26370125956306,0.0625709191116875,Kansas,2.35591392598697
kansas,2004,2.44224043565346,0.0559347428000666,Kansas,2.31923654951919
kansas,2005,2.25176795334107,0.0575012543903663,Kansas,2.33423263243299
kansas,2006,2.30868950830444,0.0511898980087421,Kansas,2.36983630278776
kansas,2007,2.54905144671778,0.0555108608205953,Kansas,2.37662966728144
kansas,2008,2.27214804682212,0.0446859903381642,Kansas,2.48307965049401
kansas,2009,2.62803945794212,0.0737460088577608,Kansas,2.43781857318285
kansas,2010,2.41326821478432,0.0805156382079459,Kansas,2.48113811386555
kansas,2011,2.4021066688702,0.0824092193955208,Kansas,2.35559236784697
kansas,2012,2.2514022198864,0.07194791101465,Kansas,2.32415432147743
kansas,2013,2.3189540756757,0.0654851955910957,Kansas,2.29171595131504
kansas,2014,2.30479155838301,0.0541027953110911,Kansas,2.20722096267039
kansas,2015,1.99791725395246,0.0499887917507285,Kansas,
kentucky,2001,2.28317190519752,0.072383325781604,Kentucky,
kentucky,2002,2.310962730706,0.0806777946383409,Kentucky,2.1936070142374
kentucky,2003,1.98668640680869,0.0812825366777094,Kentucky,2.12028991277595
kentucky,2004,2.06322060081317,0.0738946093276802,Kentucky,2.0574224399944
kentucky,2005,2.12236031236135,0.0786485738022708,Kentucky,2.08044306922509
kentucky,2006,2.05574829450075,0.0714187422595294,Kentucky,2.17330917414135
kentucky,2007,2.34181891556194,0.068321707016824,Kentucky,2.22175451931877
kentucky,2008,2.26769634789362,0.0698124956756383,Kentucky,2.30749134201327
kentucky,2009,2.31295876258425,0.10074187062331,Kentucky,2.20110452192074
kentucky,2010,2.02265845528435,0.117969528691442,Kentucky,2.12299586504565
kentucky,2011,2.03337037726835,0.109601247493874,Kentucky,2.01849043735943
kentucky,2012,1.99944247952559,0.0989713445995591,Kentucky,1.97526766857545
kentucky,2013,1.8929901489324,0.091183879093199,Kentucky,1.97160873128496
kentucky,2014,2.02239356539688,0.0819262956981354,Kentucky,1.9066124721905
kentucky,2015,1.80445370224223,0.0712357528494301,Kentucky,
louisiana,2001,2.29645073090223,0.0842159648669594,Louisiana,
louisiana,2002,2.27763107079002,0.0861186389641674,Louisiana,2.22783659914673
louisiana,2003,2.10942799574794,0.0974465148378192,Louisiana,2.26313460074992
louisiana,2004,2.40234473571181,0.0903225806451613,Louisiana,2.23397292224817
louisiana,2005,2.19014603528477,0.0900894747626528,Louisiana,2.27223546901978
louisiana,2006,2.22421563606276,0.0805895724866173,Louisiana,2.18507626499607
louisiana,2007,2.14086712364067,0.0718409705473946,Louisiana,2.27941019742501
louisiana,2008,2.47314783257159,0.0615495495495495,Louisiana,2.25339430628148
louisiana,2009,2.14616796263217,0.0872966424368294,Louisiana,2.28251538732731
louisiana,2010,2.22823036677817,0.103135888501742,Louisiana,2.12620642869607
louisiana,2011,2.00422095667787,0.106694560669456,Louisiana,2.03497906824937
louisiana,2012,1.87248588129207,0.0989617367312858,Louisiana,1.93637039125661
louisiana,2013,1.9324043357999,0.0897227956355058,Louisiana,1.86841201669282
louisiana,2014,1.80034583298648,0.0837664322837053,Louisiana,1.93329314564332
louisiana,2015,2.06712926814358,0.0798785117691724,Louisiana,
maine,2001,1.93449541669875,0.0476046088538508,Maine,
maine,2002,1.62855097144672,0.0668633235004916,Maine,1.78816741860799
maine,2003,1.80145586767849,0.0607769423558897,Maine,1.79059398745549
maine,2004,1.94177512324126,0.0587855297157623,Maine,1.98681565855184
maine,2005,2.21721598473576,0.0597701149425287,Maine,1.98684675701367
maine,2006,1.80154916306399,0.0606890257814282,Maine,2.03745165554229
maine,2007,2.09358981882712,0.0685224839400428,Maine,1.92193975206529
maine,2008,1.87068027430474,0.0701373825018077,Maine,1.96797864503369
maine,2009,1.9396658419692,0.0838308457711443,Maine,1.87409152765559
maine,2010,1.81192846669282,0.0909750786353738,Maine,1.92028489301529
maine,2011,2.00926037038385,0.0924019607843137,Maine,1.85074385988479
maine,2012,1.73104274257768,0.0938453713123093,Maine,1.82499456717382
maine,2013,1.73468058855993,0.0764880150821438,Maine,1.78251393036579
maine,2014,1.88181845995976,0.0675862068965517,Maine,1.7423087551149
maine,2015,1.610427216825,0.0670848104717753,Maine,
maryland,2001,2.01484704572768,0.0528392896294672,Maryland,
maryland,2002,2.41561246981057,0.0626526624328285,Maryland,2.07621578031595
maryland,2003,1.79818782540959,0.0658936336269372,Maryland,2.0762065795241
maryland,2004,2.01481944335213,0.0585865561694291,Maryland,2.02941554298952
maryland,2005,2.27523936020684,0.0585990999804344,Maryland,2.20848977527724
maryland,2006,2.33541052227274,0.0543027413587604,Maryland,2.26091347918611
maryland,2007,2.17209055507875,0.0601169477601121,Maryland,2.25417676489715
maryland,2008,2.25502921733995,0.0532806399390534,Maryland,2.22542092621815
maryland,2009,2.24914300623574,0.0820012556140436,Maryland,2.17187934900313
maryland,2010,2.01146582343371,0.0929810311051651,Maryland,2.09335000445209
maryland,2011,2.01944118368681,0.092223697801387,Maryland,2.00225280622228
maryland,2012,1.97585141154632,0.0850352024766565,Maryland,1.92708115279431
maryland,2013,1.78595086314982,0.0771083153135443,Maryland,1.87093837794133
maryland,2014,1.85101285912785,0.0724945641431113,Maryland,1.84265561356526
maryland,2015,1.89100311841811,0.0603009965426073,Maryland,
massachusetts,2001,1.74219065210728,0.0505832662912309,Massachusetts,
massachusetts,2002,2.01462126098031,0.0707820840102112,Massachusetts,1.89666235537247
massachusetts,2003,1.93317515302982,0.0743557245458386,Massachusetts,1.94155584580651
massachusetts,2004,1.8768711234094,0.0639358474208929,Massachusetts,1.88750982331565
massachusetts,2005,1.85248319350774,0.0653814637512399,Massachusetts,1.86919718844373
massachusetts,2006,1.87823724841407,0.0620142081069787,Massachusetts,1.84929748599221
massachusetts,2007,1.81717201605482,0.0607412491420728,Massachusetts,1.88684329671276
massachusetts,2008,1.96512062566938,0.0601553736861784,Massachusetts,1.90296557162332
massachusetts,2009,1.92660407314576,0.0895814706007579,Massachusetts,1.9154489926282
massachusetts,2010,1.85462227906945,0.10085556538964,Massachusetts,1.87934662910463
massachusetts,2011,1.85681353509869,0.100008299443937,Massachusetts,1.81702177502793
massachusetts,2012,1.73962951091565,0.0913641526101039,Massachusetts,1.77910786412027
massachusetts,2013,1.74088054634645,0.0829781900225621,Massachusetts,1.72643444777548
massachusetts,2014,1.69879328606434,0.0708644701086957,Massachusetts,1.72347056575668
massachusetts,2015,1.73073786485925,0.0606265589988585,Massachusetts,
michigan,2001,2.17061526913571,0.0685568652437082,Michigan,
michigan,2002,2.21811129686515,0.0881399870382372,Michigan,2.18987246668871
michigan,2003,2.18089083406528,0.0933086973736307,Michigan,2.19064623146281
michigan,2004,2.17293656345799,0.0896426408237432,Michigan,2.18273944311895
michigan,2005,2.19439093183357,0.0924009586916678,Michigan,2.15727358814092
michigan,2006,2.10449326913121,0.0973737487346755,Michigan,2.15908941149852
michigan,2007,2.17838403353078,0.100298627462241,Michigan,2.17304357141225
michigan,2008,2.23625341157476,0.0979450851823664,Michigan,2.17952464245192
michigan,2009,2.12393648225021,0.146993251385876,Michigan,2.13590683580932
michigan,2010,2.047530613603,0.148775952897428,Michigan,2.03714116735748
michigan,2011,1.93995640621924,0.134247727493288,Michigan,1.97188525876796
michigan,2012,1.92816875648164,0.116464539941998,Michigan,1.98599316629479
michigan,2013,2.08985433618347,0.103006375198214,Michigan,2.02006653855649
michigan,2014,2.04217652300437,0.087715185209994,Michigan,2.01932530456526
michigan,2015,1.92594505450795,0.0751760622704451,Michigan,
minnesota,2001,2.47205349689018,0.041981341625944,Minnesota,
minnesota,2002,2.1460001506353,0.0605654399220083,Minnesota,2.30844760081251
minnesota,2003,2.30728915491203,0.0575564971751412,Minnesota,2.26355502697703
minnesota,2004,2.33737577538377,0.0553470919324578,Minnesota,2.26264383184172
minnesota,2005,2.14326656522935,0.0536366912029649,Minnesota,2.24630191316529
minnesota,2006,2.25826339888274,0.0528233151183971,Minnesota,2.23317239898084
minnesota,2007,2.29798723283043,0.0562134688691233,Minnesota,2.36719901145531
minnesota,2008,2.54534640265275,0.0494391147657479,Minnesota,2.37550494396964
minnesota,2009,2.28318119642573,0.0780736957314849,Minnesota,2.33128934029413
minnesota,2010,2.16534042180392,0.0814156483097921,Minnesota,2.2288840388312
minnesota,2011,2.23813049826394,0.0724175229853975,Minnesota,2.20044739638201
minnesota,2012,2.19787126907816,0.066608045724335,Minnesota,2.15116879775178
minnesota,2013,2.01750462591324,0.0568554559370217,Minnesota,2.09378607947198
minnesota,2014,2.06598234342454,0.0480161172981141,Minnesota,2.03561079208334
minnesota,2015,2.02334540691224,0.043335192414947,Minnesota,
mississippi,2001,2.37466383982521,0.0898179899762596,Mississippi,
mississippi,2002,2.27412827947422,0.106612071580224,Mississippi,2.21653062713593
mississippi,2003,2.00079976210837,0.103274559193955,Mississippi,2.19960317424972
mississippi,2004,2.32388148116658,0.103822629969419,Mississippi,2.18239574642373
mississippi,2005,2.22250599599624,0.102865697177074,Mississippi,2.31580657876095
mississippi,2006,2.40103225912002,0.0959772627896808,Mississippi,2.32237698853536
mississippi,2007,2.34359271048982,0.102400519031142,Mississippi,2.36522725080652
mississippi,2008,2.35105678280972,0.0857481417645158,Mississippi,2.33013716392597
mississippi,2009,2.29576199847836,0.11707816588918,Mississippi,2.35888800955754
mississippi,2010,2.42984524738454,0.144147194942996,Mississippi,2.19903520743481
mississippi,2011,1.87149837644152,0.138197123816205,Mississippi,2.1033744921297
mississippi,2012,2.00877985256304,0.141709627143028,Mississippi,2.03943684598458
mississippi,2013,2.23803230894918,0.124247787610619,Mississippi,2.02703874768032
mississippi,2014,1.83430408152874,0.120790629575403,Mississippi,1.93493871091006
mississippi,2015,1.73247974225224,0.102554699914436,Mississippi,
missouri,2001,2.20172163276333,0.0552089464390818,Missouri,
missouri,2002,2.14799143314779,0.0623826133619533,Missouri,2.16163214787546
missouri,2003,2.13518337771525,0.0690404345202173,Missouri,2.11851731437669
missouri,2004,2.07237713226702,0.0645240431795878,Missouri,2.14358169714294
missouri,2005,2.22318458144657,0.074184835037623,Missouri,2.12566950046621
missouri,2006,2.08144678768506,0.068066277537187,Missouri,2.18411142753979
missouri,2007,2.24770291348774,0.0698968189815035,Missouri,2.16273618685368
missouri,2008,2.15905885938826,0.0648587142044377,Missouri,2.17382964457832
missouri,2009,2.11472716085896,0.093574942763895,Missouri,2.11688026775642
missouri,2010,2.07685478302205,0.104025218234724,Missouri,2.08697594367349
missouri,2011,2.06934588713946,0.102237867739502,Missouri,2.08682821346962
missouri,2012,2.11428397024736,0.0926700759336743,Missouri,2.04716958597838
missouri,2013,1.95787890054832,0.0804467548509959,Missouri,1.99916088087227
missouri,2014,1.92531977182113,0.0728091770991567,Missouri,1.93205595409217
missouri,2015,1.91296918990705,0.0608090428593856,Missouri,
montana,2001,2.43994183936753,0.0693866222592284,Montana,
montana,2002,2.26728197329356,0.071474358974359,Montana,2.29629530292808
montana,2003,2.18166209612315,0.0768781058170126,Montana,2.15082201287925
montana,2004,2.00352196922106,0.0714940421631531,Montana,2.07850412202191
montana,2005,2.05032830072153,0.0514437437769665,Montana,1.94202283563737
montana,2006,1.77221823696953,0.0518100298904019,Montana,2.04485603991156
montana,2007,2.31202158204362,0.053100376841384,Montana,1.99413567599813
montana,2008,1.89816720898122,0.05217988328184,Montana,2.11912253879473
montana,2009,2.14717882535935,0.0798410404624278,Montana,2.2355993351209
montana,2010,2.66145197102212,0.0804447351209941,Montana,2.45716007510988
montana,2011,2.56284942894816,0.0879269529928982,Montana,2.409903378287
montana,2012,2.00540873489072,0.0842541436464089,Montana,2.23518214663985
montana,2013,2.13728827608066,0.0728676964405641,Montana,2.10799776012117
montana,2014,2.18129626939212,0.0567654409139593,Montana,2.21515033780119
montana,2015,2.32686646793079,0.0512630014858841,Montana,
nebraska,2001,2.55125270917383,0.0442955214122262,Nebraska,
nebraska,2002,2.45281371194277,0.046048404369244,Nebraska,2.53898914803177
nebraska,2003,2.61290102297872,0.0506019179759233,Nebraska,2.55435246367717
nebraska,2004,2.59734265611004,0.0528956721722768,Nebraska,2.64100488599823
nebraska,2005,2.71277097890595,0.0516118786723837,Nebraska,2.58795116719409
nebraska,2006,2.45373986656629,0.0497143739385518,Nebraska,2.48623151532892
nebraska,2007,2.29218370051452,0.043312101910828,Nebraska,2.29762133088655
nebraska,2008,2.14694042557884,0.0383480825958702,Nebraska,2.34128337012152
nebraska,2009,2.58472598427121,0.0579892845887173,Nebraska,2.31426288175644
nebraska,2010,2.21112223541928,0.0655737704918033,Nebraska,2.36259505003944
nebraska,2011,2.29193693042784,0.0620513638538842,Nebraska,2.23360524535766
nebraska,2012,2.19775657022585,0.0551724137931035,Nebraska,2.34121066988097
nebraska,2013,2.53393850898924,0.0477114669254407,Nebraska,2.34808414023708
nebraska,2014,2.31255734149616,0.0440585303103393,Nebraska,2.38922233875936
nebraska,2015,2.32117116579269,0.0363428943937419,Nebraska,
nevada,2001,1.92013251731302,0.0638479001135074,Nevada,
nevada,2002,2.39091181590935,0.08,Nevada,2.25108078755291
nevada,2003,2.44219802943637,0.0817446562680532,Nevada,2.37110692951217
nevada,2004,2.28021094319081,0.0707246376811594,Nevada,2.30807106905778
nevada,2005,2.20180423454616,0.0643023255813953,Nevada,2.25041358740964
nevada,2006,2.26922558449196,0.0556156676044146,Nevada,2.24685622214841
nevada,2007,2.26953884740709,0.0626949134315518,Nevada,2.29440260932417
nevada,2008,2.34444339607345,0.0746770297237685,Nevada,2.26798107519996
nevada,2009,2.18996098211934,0.123927150931547,Nevada,2.31314807123624
nevada,2010,2.40503983551593,0.144875579924083,Nevada,2.26937595971747
nevada,2011,2.21312706151713,0.13416061812222,Nevada,2.24505244862689
nevada,2012,2.11699044884761,0.11822272215973,Nevada,2.10895664543238
nevada,2013,1.9967524259324,0.111729976606884,Nevada,2.0200575021524
nevada,2014,1.94642963167718,0.0947262344642257,Nevada,1.9410946474259
nevada,2015,1.8801018846681,0.0834652793485637,Nevada,
new hampshire,2001,1.89935933806148,0.0366394399066511,New Hampshire,
new hampshire,2002,1.81717301870478,0.0494812450119713,New Hampshire,1.96603336484263
new hampshire,2003,2.18156773776162,0.0648058252427184,New Hampshire,1.94296394631758
new hampshire,2004,1.83015108248633,0.0480480480480481,New Hampshire,1.93851011089356
new hampshire,2005,1.80381151243274,0.0440788137314646,New Hampshire,1.84015767087351
new hampshire,2006,1.88651041770147,0.0436699559101407,New Hampshire,1.84723400285574
new hampshire,2007,1.85138007843302,0.0528480361916513,New Hampshire,1.9379980723376
new hampshire,2008,2.07610372087831,0.0485129719468467,New Hampshire,1.86530785041903
new hampshire,2009,1.66843975194577,0.0829581993569132,New Hampshire,1.97188540952061
new hampshire,2010,2.17111275573773,0.0769397956965877,New Hampshire,1.86141113112312
new hampshire,2011,1.74468088568586,0.073639982308713,New Hampshire,1.8358945336057
new hampshire,2012,1.5918899593935,0.0632940108892922,New Hampshire,1.69494937504599
new hampshire,2013,1.74827728005862,0.0639468255787302,New Hampshire,1.80734979707836
new hampshire,2014,2.08188215178297,0.0561668959193031,New Hampshire,1.88618171690374
new hampshire,2015,1.82838571886964,0.0466650954513316,New Hampshire,
new jersey,2001,2.26341886081365,0.0610565213739817,New Jersey,
new jersey,2002,2.02223981968461,0.0758535893313156,New Jersey,2.09906118497603
new jersey,2003,2.01152487442982,0.0785696084260596,New Jersey,1.96080286398817
new jersey,2004,1.84864389785007,0.0744186046511628,New Jersey,2.02325753585284
new jersey,2005,2.20960383527862,0.0673770710849813,New Jersey,2.04641096625255
new jersey,2006,2.08098516562894,0.0662011895526248,New Jersey,2.15181556911749
new jersey,2007,2.1648577064449,0.0646900269541779,New Jersey,2.20960335405446
new jersey,2008,2.38296719008953,0.0640595783093688,New Jersey,2.21694902102594
new jersey,2009,2.10302216654338,0.101285751771189,New Jersey,2.18028022143373
new jersey,2010,2.05485130766826,0.112335455775131,New Jersey,2.05662773393359
new jersey,2011,2.01200972758912,0.113540339346791,New Jersey,2.0246425527474
new jersey,2012,2.00706662298481,0.105915473615546,New Jersey,1.95752887171051
new jersey,2013,1.85351026455759,0.0948014317368331,New Jersey,1.89835955361977
new jersey,2014,1.83450177331691,0.0815515871645194,New Jersey,1.85443294388475
new jersey,2015,1.87528679377976,0.0702172289970491,New Jersey,
new mexico,2001,2.64095083064204,0.07648,New Mexico,
new mexico,2002,2.59670802395269,0.0866743031691485,New Mexico,2.55592344703794
new mexico,2003,2.43011148651908,0.078848131642098,New Mexico,2.30181829510024
new mexico,2004,1.87863537482897,0.0904961565338924,New Mexico,2.22787130556267
new mexico,2005,2.37486705533998,0.0797749089705396,New Mexico,2.21348331506836
new mexico,2006,2.38694751503614,0.0743265173644921,New Mexico,2.33380005846952
new mexico,2007,2.23958560503244,0.064499916233875,New Mexico,2.3206323955239
new mexico,2008,2.33536406650312,0.066577896138482,New Mexico,2.27201361720584
new mexico,2009,2.24109118008196,0.0973137354282818,New Mexico,2.27774039696355
new mexico,2010,2.25676594430558,0.108311910882605,New Mexico,2.28883475279261
new mexico,2011,2.36864713399028,0.134687606691704,New Mexico,2.25339823658937
new mexico,2012,2.13478163147225,0.120607451880629,New Mexico,2.25332023968925
new mexico,2013,2.25653195360521,0.115501519756839,New Mexico,2.20978003308875
new mexico,2014,2.23802651418878,0.111337532419415,New Mexico,2.15676158531216
new mexico,2015,1.97572628814248,0.0962825278810409,New Mexico,
new york,2001,2.10852297539278,0.0695051100462237,New York,
new york,2002,1.98649765670612,0.083258261817837,New York,1.98750240043888
new york,2003,1.86748656921775,0.0813331030910033,New York,1.93908783242147
new york,2004,1.96327927134054,0.0776128498672354,New York,1.93761694701207
new york,2005,1.98208500047793,0.0783333863831684,New York,1.97190007064263
new york,2006,1.97033594010941,0.071037154809132,New York,1.95348633074949
new york,2007,1.90803805166112,0.0691049266641595,New York,1.96230323876511
new york,2008,2.0085357245248,0.0653110671512475,New York,1.95238281869234
new york,2009,1.9405746798911,0.0961714685097461,New York,1.95693736021475
new york,2010,1.92170167622836,0.104668956901936,New York,1.9463311924137
new york,2011,1.97671722112163,0.10549501867995,New York,1.91391615629081
new york,2012,1.84332957152244,0.101979238321556,New York,1.88285687891738
new york,2013,1.82852384410808,0.0932124303978598,New York,1.80540533299549
new york,2014,1.74436258335595,0.0801214485731366,New York,1.75927832993764
new york,2015,1.7049485623489,0.0726140749328971,New York,
north carolina,2001,2.28364395271802,0.0651600422089342,North Carolina,
north carolina,2002,2.22218741147015,0.0818526070492281,North Carolina,2.17284178495039
north carolina,2003,2.012693990663,0.0871539214813496,North Carolina,2.11461532299421
north carolina,2004,2.10896456684948,0.0792988313856427,North Carolina,2.07147104387254
north carolina,2005,2.09275457410514,0.0753269741370833,North Carolina,2.11339114144695
north carolina,2006,2.13845428338624,0.0699199293865456,North Carolina,2.10405730752858
north carolina,2007,2.08096306509436,0.0706349698963441,North Carolina,2.13373850089604
north carolina,2008,2.18179815420751,0.0711145038167939,North Carolina,2.14325063184536
north carolina,2009,2.16699067623422,0.111038860504722,North Carolina,2.17174653518849
north carolina,2010,2.16645077512374,0.12581795627229,North Carolina,2.13736758443938
north carolina,2011,2.07866130196017,0.122127273904318,North Carolina,2.09747839813368
north carolina,2012,2.04732311731712,0.111936018353301,North Carolina,1.97283746485001
north carolina,2013,1.79252797527274,0.0989596712047264,North Carolina,1.92016317382864
north carolina,2014,1.92063842889604,0.0849252761533463,North Carolina,1.86433521382601
north carolina,2015,1.87983923730924,0.072026965115518,North Carolina,
north dakota,2001,2.09465968298711,0.0388446215139442,North Dakota,
north dakota,2002,2.24991900155159,0.0451594693762348,North Dakota,2.16930334742046
north dakota,2003,2.16333135772267,0.0499611700750712,North Dakota,2.2208401236945
north dakota,2004,2.24927001180924,0.0452127659574468,North Dakota,2.21991024167521
north dakota,2005,2.24712935549373,0.0375586854460094,North Dakota,2.08485855757375
north dakota,2006,1.75817630541829,0.0326547921967769,North Dakota,2.17240085713891
north dakota,2007,2.51189691050471,0.041895895048667,North Dakota,2.14365941010545
north dakota,2008,2.16090501439335,0.0310110450297366,North Dakota,2.28318529312152
north dakota,2009,2.1767539544665,0.0414902624894158,North Dakota,2.15242039471985
north dakota,2010,2.1196022152997,0.0370843989769821,North Dakota,2.21760351535424
north dakota,2011,2.35645437629653,0.0344067048963388,North Dakota,2.45269730215913
north dakota,2012,2.88203531488116,0.0335658238884045,North Dakota,2.44882110417573
north dakota,2013,2.10797362134948,0.0286692340607617,North Dakota,2.306529897894
north dakota,2014,1.92958075745136,0.0333052276559865,North Dakota,2.19196040037475
north dakota,2015,2.5383268223234,0.0360762059181192,North Dakota,
ohio,2001,2.30355549141637,0.0623367577920947,Ohio,
ohio,2002,2.16139554684616,0.0797307108441687,Ohio,2.19244254736191
ohio,2003,2.1123766038232,0.0790828544061303,Ohio,2.08483954054784
ohio,2004,1.98074647097417,0.0812613705275925,Ohio,2.08173498422733
ohio,2005,2.15208187788462,0.0768306457427123,Ohio,2.10870602868893
ohio,2006,2.19328973720798,0.0741770755915706,Ohio,2.18159173680661
ohio,2007,2.19940359532722,0.0762485425573261,Ohio,2.19193880203826
ohio,2008,2.18312307357959,0.0737486231795374,Ohio,2.18525895509404
ohio,2009,2.17325019637532,0.11423890378314,Ohio,2.14153984074635
ohio,2010,2.06824625228415,0.120742562958079,Ohio,2.08810272515647
ohio,2011,2.02281172680995,0.115149752835127,Ohio,2.03946019663874
ohio,2012,2.02732261082212,0.100119708346937,Ohio,1.99461724593798
ohio,2013,1.93371740018188,0.0871858435085314,Ohio,1.95293040268442
ohio,2014,1.89775119704928,0.078976430976431,Ohio,1.92853093305275
ohio,2015,1.95412420192709,0.070533042141875,Ohio,
oklahoma,2001,2.29743263015331,0.0528933092224232,Oklahoma,
oklahoma,2002,2.56398065054211,0.0712187958883994,Oklahoma,2.26682769609495
oklahoma,2003,1.93906980758943,0.0808148645623461,Oklahoma,2.18638298210867
oklahoma,2004,2.05609848819447,0.0777777777777778,Oklahoma,2.10617410083868
oklahoma,2005,2.32335400673214,0.0726212562947257,Oklahoma,2.18674933482885
oklahoma,2006,2.18079550955993,0.062792080890475,Oklahoma,2.22981357988521
oklahoma,2007,2.18529122336357,0.0593966327664302,Oklahoma,2.24536587773414
oklahoma,2008,2.37001090027894,0.0490735256789915,Oklahoma,2.27844517715975
oklahoma,2009,2.28003340783676,0.0785868160275743,Oklahoma,2.22775835743762
oklahoma,2010,2.03323076419718,0.090901367768244,Oklahoma,2.18057015715034
oklahoma,2011,2.22844629941709,0.0896082366285664,Oklahoma,2.1649299851319
oklahoma,2012,2.23311289178143,0.0792538751204133,Oklahoma,2.23076416515465
oklahoma,2013,2.23073330426544,0.0741952599929254,Oklahoma,2.17517363331158
oklahoma,2014,2.06167470388786,0.0669805454383939,Oklahoma,2.04692986256151
oklahoma,2015,1.84838157953122,0.0640556695512535,Oklahoma,
oregon,2001,2.34266705880276,0.0735351946519858,Oregon,
oregon,2002,1.96471430679264,0.0884139482564679,Oregon,2.07972078788368
oregon,2003,1.93178099805564,0.0892482150356993,Oregon,1.92005359099128
oregon,2004,1.86366546812555,0.083889816360601,Oregon,1.96443232975621
oregon,2005,2.09785052308744,0.0786824514778127,Oregon,2.00694013093772
oregon,2006,2.05930440160018,0.0696941028066856,Oregon,2.0552227225969
oregon,2007,2.00851324310307,0.0702951443986036,Oregon,2.10113708452226
oregon,2008,2.23559360886354,0.0698920494838862,Oregon,2.05018856423376
oregon,2009,1.90645884073467,0.117628557949363,Oregon,2.04018818947195
oregon,2010,1.97851211881762,0.1288,Oregon,1.94975569091376
oregon,2011,1.96429611318898,0.124037916227821,Oregon,1.92164944416588
oregon,2012,1.82214010049104,0.112983151635282,Oregon,1.85034375991263
oregon,2013,1.76459506605788,0.0960238248551191,Oregon,1.78586903055315
oregon,2014,1.77087192511052,0.0797420829252367,Oregon,1.77264596810279
oregon,2015,1.78247091313997,0.0733244073403166,Oregon,
pennsylvania,2001,2.04008761597145,0.0561321281107019,Pennsylvania,
pennsylvania,2002,1.94677423634604,0.073397913561848,Pennsylvania,1.99162673954594
pennsylvania,2003,1.98801836632033,0.074764164762407,Pennsylvania,2.0068809085416
pennsylvania,2004,2.08585012295842,0.0690060541938518,Pennsylvania,2.04965289041642
pennsylvania,2005,2.07509018197051,0.0684314742350667,Pennsylvania,2.05083149544651
pennsylvania,2006,1.99155418141059,0.0648615787504676,Pennsylvania,2.03700708126098
pennsylvania,2007,2.04437688040184,0.0636635793806717,Pennsylvania,2.06838278378463
pennsylvania,2008,2.16921728954145,0.0611201432576989,Pennsylvania,2.08623300231294
pennsylvania,2009,2.04510483699554,0.0926261134663936,Pennsylvania,2.0637092031787
pennsylvania,2010,1.97680548299913,0.0976853194162559,Pennsylvania,1.98878086330643
pennsylvania,2011,1.94443226992462,0.0928018311985584,Pennsylvania,1.91411948365698
pennsylvania,2012,1.8211206980472,0.0902168555938886,Pennsylvania,1.87432417975708
pennsylvania,2013,1.85741957129943,0.08440389594378,Pennsylvania,1.84758499210624
pennsylvania,2014,1.8642147069721,0.0733279613215149,Pennsylvania,1.85417646081241
pennsylvania,2015,1.84089510416571,0.0661680821396882,Pennsylvania,
rhode island,2001,1.90510113163732,0.0586327345309381,Rhode Island,
rhode island,2002,1.9865670923178,0.066415703146007,Rhode Island,1.91198722396863
rhode island,2003,1.84429344795077,0.0664081434803684,Rhode Island,1.90985041584846
rhode island,2004,1.89869070727682,0.0708926261319534,Rhode Island,1.88490198849345
rhode island,2005,1.91172181025276,0.0669087136929461,Rhode Island,1.91595732134894
rhode island,2006,1.93745944651723,0.0577022153529109,Rhode Island,1.95926851719239
rhode island,2007,2.02862429480718,0.0616438356164384,Rhode Island,2.09427463360686
rhode island,2008,2.31674015949618,0.0775908844275638,Rhode Island,2.02680641270229
rhode island,2009,1.7350547838035,0.0917678812415655,Rhode Island,2.01014102680575
rhode island,2010,1.97862813711757,0.111530172413793,Rhode Island,1.95991208517025
rhode island,2011,2.16605333458968,0.109446079743109,Rhode Island,1.90821883204126
rhode island,2012,1.57997502441653,0.101078167115903,Rhode Island,1.89483504379175
rhode island,2013,1.93847677236905,0.0962902345881069,Rhode Island,1.6397589352673
rhode island,2014,1.40082500901633,0.0831479421579533,Rhode Island,1.73240977429848
rhode island,2015,1.85792754151005,0.0682883939038687,Rhode Island,
south carolina,2001,2.10226047466994,0.060146252285192,South Carolina,
south carolina,2002,2.36687642844749,0.0799675258778161,South Carolina,2.13009259901687
south carolina,2003,1.92114089393318,0.0839739798935541,South Carolina,2.16400822438389
south carolina,2004,2.204007350771,0.0765531833044816,South Carolina,2.07597275615484
south carolina,2005,2.10277002376034,0.084156378600823,South Carolina,2.13820848789223
south carolina,2006,2.10784808914536,0.0754754358161648,South Carolina,2.05910739359438
south carolina,2007,1.96670406787743,0.0719833935985001,South Carolina,2.16830188936391
south carolina,2008,2.43035351106893,0.0781949934123847,South Carolina,2.22013940937085
south carolina,2009,2.26336064916619,0.118724426836397,South Carolina,2.26998980811263
south carolina,2010,2.11625526410277,0.131537962362103,South Carolina,2.15506809433717
south carolina,2011,2.08558836974254,0.128175282437521,South Carolina,2.08059526860238
south carolina,2012,2.03994217196182,0.117444818813175,South Carolina,1.98866839103065
south carolina,2013,1.8404746313876,0.104468262806236,South Carolina,1.88408849590878
south carolina,2014,1.77184868437692,0.0894032850509391,South Carolina,1.80506052020274
south carolina,2015,1.8028582448437,0.0781399808245446,South Carolina,
south dakota,2001,2.47549549763125,0.0368220268701277,South Dakota,
south dakota,2002,2.58633196799299,0.0388201712654615,South Dakota,2.41217947121656
south dakota,2003,2.17471094802545,0.0486910994764398,South Dakota,2.46493810221855
south dakota,2004,2.63377139063723,0.0444884726224784,South Dakota,2.38144634561896
south dakota,2005,2.3358566981942,0.0459275206315034,South Dakota,2.53232612037052
south dakota,2006,2.62735027228014,0.0451206715634837,South Dakota,2.64910576692253
south dakota,2007,2.98411033029326,0.0477729885057471,South Dakota,2.80407218860902
south dakota,2008,2.80075596325364,0.0381054131054131,South Dakota,2.70858426346291
south dakota,2009,2.34088649684182,0.0563681769532644,South Dakota,2.52201705741052
south dakota,2010,2.42440871213609,0.0601449275362319,South Dakota,2.37741452340779
south dakota,2011,2.36694836124544,0.0579494799405646,South Dakota,2.44636811452722
south dakota,2012,2.54774727020011,0.055083179297597,South Dakota,2.48364420759047
south dakota,2013,2.53623699132585,0.0534875316226961,South Dakota,2.57610095375752
south dakota,2014,2.64431859974658,0.0517681370761939,South Dakota,2.47567317186098
south dakota,2015,2.2464639245105,0.0539864140150161,South Dakota,
tennessee,2001,2.11115109120533,0.0659152168586131,Tennessee,
tennessee,2002,2.04319899841499,0.0686453790969194,Tennessee,2.0180797678084
tennessee,2003,1.89988921380488,0.072756974114099,Tennessee,1.99962134172032
tennessee,2004,2.05577581294109,0.0748596381784155,Tennessee,2.05284001899418
tennessee,2005,2.20285503023656,0.0779618205663768,Tennessee,2.1741839544506
tennessee,2006,2.26392102017414,0.0760222872792521,Tennessee,2.20787170406171
tennessee,2007,2.15683906177443,0.0726954547604408,Tennessee,2.25226114200572
tennessee,2008,2.33602334406859,0.0713888888888889,Tennessee,2.29591512817824
tennessee,2009,2.3948829786917,0.112765656660855,Tennessee,2.30745078263255
tennessee,2010,2.19144602513737,0.119845485272815,Tennessee,2.17522727735203
tennessee,2011,1.93935282822703,0.114907771394013,Tennessee,2.02740763914563
tennessee,2012,1.95142406407251,0.103405889884763,Tennessee,1.93988249933292
tennessee,2013,1.92887060569923,0.0949373286329808,Tennessee,1.92375117088811
tennessee,2014,1.89095884289259,0.0852236064922817,Tennessee,1.89701634176532
tennessee,2015,1.87121957670413,0.0680363927214557,Tennessee,
texas,2001,2.4185210382111,0.06435562135044,Texas,
texas,2002,2.42373485444723,0.0836517655724875,Texas,2.39385671298997
texas,2003,2.33931424631158,0.0881070200452906,Texas,2.35200774806529
texas,2004,2.29297414343706,0.0895275850677238,Texas,2.35190572103203
texas,2005,2.42342877334745,0.0826408665912431,Texas,2.37183958202322
texas,2006,2.39911582928516,0.0715213252814584,Texas,2.40378023136751
texas,2007,2.38879609146992,0.0637227220820942,Texas,2.46489943179368
texas,2008,2.60678637462596,0.0556327724945135,Texas,2.50117550442312
texas,2009,2.50794404717349,0.0855163376487861,Texas,2.46763100119355
texas,2010,2.2881625817812,0.0938367440127855,Texas,2.32779688339263
texas,2011,2.18728402122319,0.0937991776232296,Texas,2.210766422069
texas,2012,2.15685266320262,0.0860236590098266,Texas,2.14504282580744
texas,2013,2.09099179299649,0.0757616247995724,Texas,2.11981484396731
texas,2014,2.11160007570282,0.0657685825252205,Texas,2.09987190176561
texas,2015,2.09702383659753,0.0593897763964639,Texas,
utah,2001,2.86693272207102,0.0588106689986882,Utah,
utah,2002,2.82941018163721,0.0690883190883191,Utah,2.80732344300183
utah,2003,2.72562742529725,0.0744385026737968,Utah,2.79663520402824
utah,2004,2.83486800515028,0.0701376936316695,Utah,2.82131092322062
utah,2005,2.90343733921432,0.0533506831489915,Utah,2.8305627301403
utah,2006,2.75338284605631,0.0426809990515334,Utah,2.83038640384354
utah,2007,2.83433902625999,0.0375924404272802,Utah,2.82522787432297
utah,2008,2.88796175065262,0.0389169154741069,Utah,2.79982341875695
utah,2009,2.67716947935825,0.0768132204427216,Utah,2.75491203756336
utah,2010,2.69960488267921,0.0924092409240924,Utah,2.62957596198069
utah,2011,2.51195352390462,0.0822119428090833,Utah,2.6257820144212
utah,2012,2.66578763667977,0.0687786577740725,Utah,2.59474246113502
utah,2013,2.60648622282066,0.0591813589029797,Utah,2.57300949152294
utah,2014,2.44675461506839,0.0498335414065751,Utah,2.50103900698017
utah,2015,2.44987618305146,0.0436334787782626,Utah,
vermont,2001,1.96104034259189,0.0399559107192064,Vermont,
vermont,2002,1.66831219081147,0.0514728682170543,Vermont,1.76766015986544
vermont,2003,1.67362794619297,0.0533149171270718,Vermont,1.65520877639554
vermont,2004,1.62368619218219,0.0506329113924051,Vermont,1.61614273702398
vermont,2005,1.55111407269678,0.0530479292694276,Vermont,1.66545242182104
vermont,2006,1.82155700058415,0.06,Vermont,1.78144271486056
vermont,2007,1.97165707130076,0.0557077625570776,Vermont,1.98437875168202
vermont,2008,2.15992218316114,0.0546238620028749,Vermont,1.95720820504462
vermont,2009,1.74004536067195,0.0740740740740741,Vermont,1.95892118823978
vermont,2010,1.97679602088625,0.0888372093023256,Vermont,1.79689026077013
vermont,2011,1.67382940075217,0.0735567970204842,Vermont,1.71899904359318
vermont,2012,1.50637170914112,0.0737937559129612,Vermont,1.72728608589043
vermont,2013,2.00165714777799,0.0592705167173252,Vermont,1.79202577425098
vermont,2014,1.86804846583384,0.060730828615543,Vermont,1.9726920284311
vermont,2015,2.04837047168146,0.0521518987341772,Vermont,
virginia,2001,1.97772505313636,0.0463072043497961,Virginia,
virginia,2002,2.11550038427711,0.0587937151545869,Virginia,2.03373801221449
virginia,2003,2.00798859923001,0.0565754964406145,Virginia,2.14933960550468
virginia,2004,2.32452983300692,0.056056338028169,Virginia,2.15347762277454
virginia,2005,2.12791443608669,0.0517285719534149,Virginia,2.17173513231521
virginia,2006,2.06276112785201,0.0498169775143803,Virginia,2.07853552477421
virginia,2007,2.04493101038392,0.051363971491767,Virginia,2.06328107603689
virginia,2008,2.08215108987474,0.0489801534069412,Virginia,2.06439954438145
virginia,2009,2.06611653288568,0.0759946198499221,Virginia,2.03912728169265
virginia,2010,1.96911422231754,0.0823265262482626,Virginia,2.00935266956229
virginia,2011,1.99282725348365,0.0827593706952802,Virginia,1.98145962315994
virginia,2012,1.98243739367863,0.0734670609612712,Virginia,1.92855927042069
virginia,2013,1.81041316409979,0.0704948811505898,Virginia,1.89260298242192
virginia,2014,1.88495838948736,0.0640296573567521,Virginia,1.84203440635925
virginia,2015,1.8307316654906,0.0576542187331197,Virginia,
washington,2001,1.93744714278275,0.0676923076923077,Washington,
washington,2002,2.05991139219119,0.0910427643671119,Washington,1.97980475174626
washington,2003,1.94205572026484,0.0962187711006077,Washington,1.97580584960192
washington,2004,1.92545043634973,0.0886600246277846,Washington,1.98448015687608
washington,2005,2.08593431401366,0.0755795633580914,Washington,2.0631911071535
washington,2006,2.1781885710971,0.0644037910513555,Washington,2.18317184312809
washington,2007,2.2853926442735,0.0603039143118387,Washington,2.26502696556395
washington,2008,2.33149968132124,0.0558572536850272,Washington,2.27023263797874
washington,2009,2.19380558834148,0.0954737113845624,Washington,2.19284434132438
washington,2010,2.05322775431041,0.10893769375191,Washington,2.07026318870191
washington,2011,1.96375622345383,0.108746214947119,Washington,2.01551579533036
washington,2012,2.02956340822683,0.0923179692718771,Washington,1.97400393459579
washington,2013,1.9286921721067,0.0861456882218128,Washington,1.97380776362978
washington,2014,1.96316771055581,0.0743374558303887,Washington,1.91444973606327
washington,2015,1.85148932552731,0.064559603512738,Washington,
west virginia,2001,2.00782996938006,0.0807030807030807,West Virginia,
west virginia,2002,1.75730961952293,0.0853006681514477,West Virginia,1.86247571717885
west virginia,2003,1.82228756263355,0.0897612941408562,West Virginia,1.83479343136954
west virginia,2004,1.92478311195213,0.0735450863355361,West Virginia,1.76373542395181
west virginia,2005,1.54413559726976,0.0875022739676187,West Virginia,1.76374138032081
west virginia,2006,1.82230543174053,0.0756123535676251,West Virginia,1.67539338166732
west virginia,2007,1.65973911599168,0.0743306496910691,West Virginia,1.87746885789991
west virginia,2008,2.15036202596751,0.0629200896191187,West Virginia,1.98314922021505
west virginia,2009,2.13934651868594,0.0967372638809388,West Virginia,2.03643969784656
west virginia,2010,1.81961054888622,0.09689557855127,West Virginia,1.97424980587743
west virginia,2011,1.96379235006011,0.0975124378109453,West Virginia,1.88986572163773
west virginia,2012,1.88619426596684,0.0926838887793335,West Virginia,1.90635864329484
west virginia,2013,1.86908931385758,0.0945332543911585,West Virginia,1.76763119558958
west virginia,2014,1.54761000694433,0.0792942607990266,West Virginia,1.71491820107275
west virginia,2015,1.72805528241636,0.0796845818634571,West Virginia,
wisconsin,2001,2.32808466549409,0.054169332480273,Wisconsin,
wisconsin,2002,2.09385527094567,0.0681737901801484,Wisconsin,2.09635664938052
wisconsin,2003,1.8671300117018,0.0670738478622987,Wisconsin,2.01661904760279
wisconsin,2004,2.08887186016091,0.0655792648866049,Wisconsin,2.07323509481464
wisconsin,2005,2.26370341258123,0.0593263885644883,Wisconsin,2.19084812443198
wisconsin,2006,2.2199691005538,0.0557734003782811,Wisconsin,2.18095111256416
wisconsin,2007,2.05918082455747,0.0574462166172107,Wisconsin,2.226954589431
wisconsin,2008,2.40171384318173,0.0490136641328172,Wisconsin,2.23602618821033
wisconsin,2009,2.24718389689179,0.0838235294117647,Wisconsin,2.29288838029783
wisconsin,2010,2.22976740081999,0.0876667974882261,Wisconsin,2.14918219652674
wisconsin,2011,1.97059529186846,0.0850848316029375,Wisconsin,2.0744149806824
wisconsin,2012,2.02288224935876,0.0769350811485643,Wisconsin,1.97436780709955
wisconsin,2013,1.92962588007143,0.0626867236228314,Wisconsin,1.97696160439682
wisconsin,2014,1.97837668376026,0.0533655135425047,Wisconsin,1.94203358918448
wisconsin,2015,1.91809820372175,0.041883134272401,Wisconsin,
wyoming,2001,2.52820203457911,0.053941908713693,Wyoming,
wyoming,2002,2.26518649137261,0.0557598039215686,Wyoming,2.3336817959139
wyoming,2003,2.20765686178998,0.0567204301075269,Wyoming,2.17484315328528
wyoming,2004,2.05168610669326,0.0477131564088086,Wyoming,2.22938316082637
wyoming,2005,2.42880651399588,0.0572033898305085,Wyoming,2.21013767853895
wyoming,2006,2.14992041492771,0.0380493033226152,Wyoming,2.16780220705443
wyoming,2007,1.92467969223969,0.0314164004259851,Wyoming,2.1443088196116
wyoming,2008,2.3583263516674,0.0347690710949663,Wyoming,2.29551542721175
wyoming,2009,2.60354023772815,0.0661877886095434,Wyoming,2.36543871163296
wyoming,2010,2.13444954550333,0.0686900958466454,Wyoming,2.24458222250661
wyoming,2011,1.99575688428835,0.0631299734748011,Wyoming,2.12425452435902
wyoming,2012,2.24255714328538,0.0724946695095949,Wyoming,2.0945572571377
wyoming,2013,2.04535774383938,0.0554956896551724,Wyoming,2.13713783955079
wyoming,2014,2.12349863152761,0.053639846743295,Wyoming,2.22782920448882
wyoming,2015,2.51463123809947,0.0611020185488271,Wyoming,
